Changed?;Location;String;String_di;
;Tutorial;Click on the chest to|walk over to it!;¡Clic en el cofre|para llegar hasta él!;
;Tutorial;It's an enemy! Charge!;¡Es un enemigo! ¡A la carga!;
;Tutorial;Drag your dice to the|sword to use it.;Arrastra el dado a|la espada para usarla.;
;Tutorial;Nice! Because you used a 5,|that did 5 damage.;¡Bien! Como has usado un 5,|has hecho 5 de daño.;
;Tutorial;Now, it's his turn...;Ahora es su turno...;
;Tutorial;Click the [yellow]End Turn[] button|when you're ready.;Clic en [yellow]Fin del turno[]|para continuar.;
;Tutorial;Yikes. When that thing hits|zero, it's going to hurt.;¡Ostras! Si esa cosa llega|a cero, va a doler.;
;Tutorial;Oh no, you rolled a 1!;¡Oh, no, has sacado un 1!;
;Tutorial;It's ok, this happens from time to time.;Bueno, a veces pasa.;
;Tutorial;The Warrior has a special ability.;El guerrero tiene una habilidad especial.;
;Tutorial;You can reroll up to|three times a turn!;¡Puedes lanzar de nuevo|hasta tres veces por turno!;
;Tutorial;A 4! Try again!;¡Un 4! ¡Prueba otra vez!;
;Tutorial;A 3! One more try...;¡Un 3! Otro intento...;
;Tutorial;A 6! Perfect!;¡Un 6! ¡Perfecto!;
;Tutorial;Alright, let's use it|on our Sword!;¡Vale, vamos a usarlo|en tu espada!;
;Tutorial;Bam! 6 damage!;¡Pimba! ¡6 de daño!;
;Tutorial;Uh oh...;Oh, oh...;
;Tutorial;Ouch.;Ay.;
;Tutorial;When you take damage, it charges|up your [yellow]Limit Break[]...;Cuando recibes daño, tu|[yellow]habilidad especial[] se carga...;
;Tutorial;Click on [Yellow]Fury[] to use it!;¡Clic en [Yellow]Furia[] para usarla!;
;Tutorial;We're all charged up!|Rwrarrrrr!;¡Estamos a tope de carga!|¡Al ataque!;
;Tutorial;Bam!;¡Pam!;
;Tutorial;It's another enemy!;¡Otro enemigo!;
;Tutorial;This [yellow]Battle Axe[] is more powerful|than your sword, but needs 4 or less...;El [yellow]hacha de batalla[] es más fuerte|que la espada, pero necesita 4 o menos...;
;Tutorial;Perfect!;¡Perfecto!;
;Tutorial;Ah. Now you can't use the|[yellow]Battle Axe[]! Oh well!;¡Ay, ahora no puedes usar el|[yellow]hacha de batalla[]! ¡Bueno, calma!;
;Tutorial;Some equipment will inflict|status effects when used.;Cierto equipo infligirá|efectos de estado al usarlo.;
;Tutorial;This fireball, for example?|It's going to [fire]BURN.[fire];¿Esta bola de fuego, por ejemplo?|Va a causar [fire]QUEMADURA[fire].;
;Tutorial;Look! It's the exit!;¡Mira! ¡La salida!;
;Tutorial;Eat apples to restore health!;¡Come manzanas para recuperar salud!;
;Tutorial;You can rearrange your|equipment from here.;Desde aquí puedes reorganizar|tu equipo.;
;Tutorial;You get all your health back|when you level up!;Cuando subes de nivel, ¡recuperas|toda la salud!;
;Tutorial;If you want, you can see what|the enemy's moves are here.;Si quieres, aquí puedes ver|los movimientos enemigos.;
;General;(audience cheers);(vítores de la audiencia);
* previously;Warrior 1 (Jester speaking);Welcome to...;Bienvenidos a...;
* previously;Warrior 1 (Jester speaking);Diceeeeeeey Duuuuuungeeeeons!;¡Diceeeeeeey Duuuuuungeeeeons!;
* previously;Warrior 1 (Jester speaking);The only game show where YOU could|win your heart's greatest desire!;¡El único concurso en el que PUEDES|conseguir los anhelos de tu corazón!;
* previously;Warrior 1 (Jester speaking);But will you fulfill your dreams...|or your nightmares?;Pero ¿serás capaz de hacer realidad tus sueños...|o tus pesadillas?;
* previously;Warrior 1 (Jester speaking);Let's find out with our host for this evening...;Tendremos como presentadora esta noche...;
;Warrior 1 (Jester speaking);and for eternity...;y toda la eternidad...;
;Warrior 1 (Jester speaking);it's Lady LUCK!;¡a la mismísima Fortuna!;
* previously;Warrior 1 (Lady Luck Speaking);Thank you! Thank you all, my dears and my darlings!;¡Gracias! ¡Gracias a todos, queridos amigos!;
* previously;Warrior 1 (Lady Luck Speaking);And welcome back to my labyrinth of endless terror!;¡Y bienvenidos otra vez a mi laberinto de horror infinito!;
* previously;Warrior 1 (Lady Luck Speaking);Will our newest contestants win big or lose it all?;¿Podrán los nuevos concursantes llevarse|el gran premio o lo perderán todo?;
* previously;Warrior 1 (Lady Luck Speaking);Let's find out as we meet...;¡Vamos a descubrirlo! Con todos nosotros...;
;Warrior 1 (Lady Luck Speaking);... the Warrior!;... ¡el guerrero!;
;Warrior 1 (Warrior Speaking);Whoa! I'm a dice!;¡Hala! ¡Soy un dado!;
;Warrior 1 (Lady Luck Speaking);Yes, dear. That's how this works.;Sí, querido. Así funciona la cosa.;
;Warrior 1 (Lady Luck Speaking);Tell me, Warrior, what secret emptiness has driven|you to risk eternal imprisonment at the hands of fate?;Dime, guerrero: ¿qué vacío existencial te trae|aquí para arriesgarte a la condena sempiterna del destino?;
;Warrior 1 (Warrior Speaking);...what?;... ¿Cómo?;
;Warrior 1 (Lady Luck Speaking);My dear, what are you playing for today?;Encanto, ¿por qué has venido a jugar?;
* previously;Warrior 1 (Warrior Speaking);Oh! I'm playing to win a monster truck.;¡Ah! Voy a jugar para ganar un monster truck.;
;Warrior 1 (Warrior Speaking);And to become the strongest man|in the world!;¡Y para convertirme en el más fuerte|del mundo!;
* previously;Warrior 1 (Lady Luck Speaking);Inspirational!;¡Eso sí que es confianza!;
* previously;Warrior 1 (Lady Luck Speaking);Well, you know what we say here in Dicey Dungeons.;Bueno, ya sabes lo que decimos en Dicey Dungeons.;
* previously;Warrior 1 (Lady Luck Speaking);Luck might be against you, but it's too|late to change your mind now!;Puede que la suerte esté en tu contra, pero|¡es demasiado tarde para cambiar de idea!;
* previously;Warrior 2 (Lady Luck Speaking);It’s time for another episode of Dicey Dungeons,|with our feisty little fighter, the Warrior!;Es hora de otro episodio de Dicey Dungeons|con nuestro pequeño luchador peleón, ¡el guerrero!;
* previously;Warrior 2 (Warrior Speaking);Hey, Lady Luck! I’m doing great, aren’t I?;¡Hola, Fortuna! Lo estoy haciendo de miedo, ¿verdad?;
* previously;Warrior 2 (Lady Luck Speaking);You sure are!;¡Claro que sí!;
* previously;Warrior 2 (Warrior Speaking);If I keep this up I’ll have that|monster truck in no time!;¡Si sigo así, voy a conseguir|el monster truck en un visto y no visto!;
* previously;Warrior 2 (Lady Luck Speaking);So determined! And I think you may be right: you|WILL have that monster truck in... “no time”.;¡Qué determinación! Creo que quizá tengas razón:|VAS a conseguir tu monster truck en un visto... “y no visto”.;
* previously;Warrior 2 (Warrior Speaking);Yeah! Wait, what?;¡Sí! Un momento, ¿cómo dices?;
* previously;Warrior 2 (Lady Luck Speaking);...it’s a double meaning, you see.|“No time” could also mean “never”.;... Es un chistecillo, ¿entiendes?|“No visto”... porque no lo vas a “ver”.;
* previously;Warrior 2 (Lady Luck Speaking);Please don’t tell me I need to make this any clearer.;Por favor, no me digas que tengo que explicarte la gracia.;
* previously;Warrior 2 (Warrior Speaking);Wait, but I’m doing great! You just said!;¡Pero si lo estoy haciendo bien! ¡Me lo acabas de decir!;
* previously;Warrior 2 (Lady Luck Speaking);OF COURSE I did, and of course none of us have any reason|to believe that my show isn’t completely fair.;CLARO que te lo he dicho. Y también está claro que nadie tiene|motivos para creer que mi concurso no es completamente justo.;
* previously;Warrior 2 (Lady Luck Speaking);So in you go for another round!;¡Venga, a por otra ronda, te toca!;
* previously;Warrior 3 (Lady Luck Speaking);Warrior, my love! How are you getting on?;¡Guerrero de mi corazón! ¿Cómo va la cosa?;
* previously;Warrior 3 (Lady Luck Speaking);You know, if you stop fighting against me and start|working really hard on being a good minion...;Mira, si dejas de enfrentarte a mí y empiezas a esforzarte|en serio para llegar a ser un buen esbirro...;
* previously;Warrior 3 (Lady Luck Speaking);...then in a couple hundred years you might|have a shot at becoming a level boss.;... es posible que en unos tropecientos años tengas|una pequeña oportunidad de convertirte en jefe de nivel.;
* previously;Warrior 3 (Warrior Speaking);What? No! I’m getting on fine!;¿Cómo? ¡No! ¡Ya me las apaño yo bien!;
* previously;Warrior 3 (Warrior Speaking);I'm going to win this!;¡Voy a ganar este concurso!;
* previously;Warrior 3 (Lady Luck Speaking);You’re really not, you know.;La verdad es que no, para que lo sepas.;
* previously;Warrior 3 (Warrior Speaking);And that's another thing!;¡Y déjame que te comente otra cosa!;
* previously;Warrior 3 (Warrior Speaking);I’m beginning to think you might not|have our best interests at heart!;Estoy empezando a pensar que puede que no te|preocupe lo que nos pase... ¿Te da igual rompernos el corazón?;
* previously;Warrior 3 (Lady Luck Speaking);...You’re not the smartest of my little battlers, are you?;... No eres un lumbreras, ¿verdad, pequeñín?;
* previously;Warrior 3 (Lady Luck Speaking);Of course I don't have your best interests at heart.;Pues claro que no me preocupa romperte el corazón.;
* previously;Warrior 3 (Lady Luck Speaking);I don't even have a heart to *theoretically*|have them at in the first place.;Yo ni siquiera tengo corazón, así que en teoría|no puedo sentir preocupación por ti.;
* previously;Warrior 3 (Lady Luck Speaking);But what I do have is... more monsters for|you to fight! In you go!;Pero lo que sí que tengo son... ¡más monstruos|con los que vas a luchar! ¡Ahí lo llevas!;
* previously;Thief 1 (Lady Luck);Put your hands together for the next hapless-;Una ronda de aplausos para el próximo y desventurado-;
* previously;Thief 1 (Lady Luck);er, HOPEFUL challenger!;esto... ¡AVENTURADO concursante!;
* previously;Thief 1 (Lady Luck);He's got big hopes, big dreams...;Tiene grandes esperanzas, grandes sueños...;
* previously;Thief 1 (Lady Luck);...and he signed a legally binding agreement not to sue us!;... ¡y ha firmado un contrato de carácter vinculante para no demandarnos!;
* previously;Thief 1 (Lady Luck);It's... the Thief!;Con todos vosotros... ¡el ladrón!;
* previously;Thief 1 (Thief);Wait, you meant that dice thing literally?;¡Espera! ¿Lo del dado lo decías en sentido literal?;
* previously;Thief 1 (Lady Luck);I mean *everything* literally.;Todo lo que digo siempre es en sentido literal.;
* previously;Thief 1 (Lady Luck);So tell me, Thief, what brings you to|my arena of terrible fate?;Bueno, ladrón, cuéntame: ¿qué te|trae a esta arena y a su horrible destino?;
* previously;Thief 1 (Thief);Okay. A dice.;Vale. Un dado.;
* previously;Thief 1 (Thief);Good.;Bien.;
* previously;Thief 1 (Thief);Right, well, my friends don't seem to be |taking this seriously, but I am.;Bueno, mira, parece que mis amigos no se|lo toman en serio, pero yo sí.;
* previously;Thief 1 (Thief);And I'm going to win a billion dollars.;Y voy a ganar mil millones de euros.;
* previously;Thief 1 (Lady Luck);Mmm. And what will you do with the money if you win?;Mmm. ¿Y qué vas a hacer con el dinero si ganas?;
* previously;Thief 1 (Thief);Anything I want.;Lo que quiera.;
* previously;Thief 1 (Thief);For the rest of my life.;Durante el resto de mi vida.;
* previously;Thief 1 (Lady Luck);Well, fortune favours the bold.;Bueno, la fortuna favorece a los valientes.;
* previously;Thief 1 (Lady Luck);At least, that's what people who haven't|met me sometimes believe.;Al menos eso es lo que cree la gente|que no me conoce.;
* previously;Thief 1 (Lady Luck);Let's get started!;¡Empezamos!;
* previously;Thief 2 (Lady Luck);Welcome back! This episode we’ll be checking in with|our cleverest little cube-boy, the Thief!;¡Bienvenidos de nuevo! ¡En este episodio, tenemos a nuestro|cubito más listo, el ladrón!;
* previously;Thief 2 (Thief);It’ll take more than a few monsters to|keep me from my rightful reward!;¡Hará falta algo más que unos cuantos monstruos|para evitar que consiga mi merecida recompensa!;
* previously;Thief 2 (Lady Luck);It’s lovely that you’re still so confident.;Sigues muy seguro de ti mismo, qué monada.;
* previously;Thief 2 (Lady Luck);No doubts?;¿No tienes dudas?;
* previously;Thief 2 (Lady Luck);No creeping fear that you might have risked it all|only to end up trapped here for eternity?;¿No tienes un miedo atroz a haberlo arriesgado todo|solo para terminar atrapado aquí por toda la eternidad?;
* previously;Thief 2 (Thief);...|no?;...|¿No?;
* previously;Thief 2 (Lady Luck);Well, I’m very glad to hear it.;Bueno, me alegra mucho oír eso.;
* previously;Thief 2 (Lady Luck);I’d wish you luck, but that always seems hypocritical,|given I'm the one handing it out.;Te desearía suerte, pero eso siempre me parece hipócrita|teniendo en cuenta que yo soy la que la reparte.;
* previously;Thief 2 (Lady Luck);Off you go!;¡Adelante!;
* previously;Thief 3 (Lady Luck);How are you doing, my dear?;¿Qué tal va todo, cariño?;
* previously;Thief 3 (Lady Luck);You’re the little realist of your group - are you|going to be the first to see sense and give up?;Eres el más realista de tu grupo... ¿Vas a ser|el primero en razonar un poco y rendirte?;
* previously;Thief 3 (Lady Luck);It’s not so bad, being a minion - we’ve got a ball pit in the staff|room, and there are free muffins in the kitchen every morning!;Ser un esbirro no está tan mal: tenemos una piscina de bolas|en la sala de empleados ¡y magdalenas gratis en la cocina cada mañana!;
* previously;Thief 3 (Thief);None of us are going to give up.;Ninguno de nosotros va a rendirse.;
* previously;Thief 3 (Thief);We came to win, and we’re going to do it.;Hemos venido a ganar y es lo que vamos a hacer.;
* previously;Thief 3 (Thief);All of us.;Todos.;
* previously;Thief 3 (Lady Luck);What a strange time for you to develop a|sense of solidarity, my dear!;¡Qué curioso que desarrolles este sentido|de solidaridad justo ahora, querido!;
* previously;Thief 3 (Lady Luck);Perhaps this will make you reconsider:;Quizás esto te haga reconsiderarlo:;
* previously;Thief 3 (Lady Luck);If you give up first, I’ll let you spend a whole|hour outside the Dungeons every year.;Si eres el primero en rendirte, te dejaré pasar toda|una hora al año fuera de las mazmorras.;
* previously;Thief 3 (Lady Luck);That'll make your eternal imprisonment|sting even more sweetly.;Eso hará que el dolor de tu reclusión eterna|sea todavía más dulce.;
* previously;Thief 3 (Thief);...that’s not even a good offer!|That’s a terrible offer!;... ¡Eso ni siquiera es una buena oferta!|¡Es una oferta terrible!;
* previously;Thief 3 (Thief);Also: no!;Y además... ¡No!;
* previously;Thief 3 (Lady Luck);Oh, it's definitely a dreadful offer!;¡Oh, pues claro que es una oferta espantosa!;
* previously;Thief 3 (Lady Luck);But by the time this is over, you might|just wish you’d taken it...;Pero cuando esto haya acabado, puede|que te arrepientas por no haberla aceptado...;
* previously;Robot 1 (Lady Luck);Our next contestant works hard, plays hard,|and most importantly: tries hard.;Nuestro próximo concursante trabaja a tope, juega a tope|y lo más importante: lo intenta a tope.;
* previously;Robot 1 (Lady Luck);Some might say TOO hard?;Hay quien insinúa que va... ¿DEMASIADO a tope?;
* previously;Robot 1 (Lady Luck);...but that’s not our place to judge!;... ¡Pero no nos corresponde a nosotros juzgar eso!;
* previously;Robot 1 (Lady Luck);Instead, let’s give a warm welcome to...;Lo que sí que tenemos que hacer es darle una calurosa bienvenida...;
* previously;Robot 1 (Lady Luck);... the Robot!;... ¡al robot!;
* previously;Robot 1 (Robot);Woo! Here we go!;¡Guau! ¡Listo para funcionar!;
* previously;Robot 1 (Robot);Thank you, Lady Luck!;¡Gracias, Fortuna!;
* previously;Robot 1 (Robot);I’m really excited to begin this|journey to a better self!;¡Estoy muy emocionado por comenzar este|viaje a una mejor versión de mí mismo!;
* previously;Robot 1 (Lady Luck);And what do you hope to win?;¿Y qué esperas ganar?;
* previously;Robot 1 (Robot);I want to eliminate my need to sleep.;Quiero eliminar la necesidad de dormir.;
* previously;Robot 1 (Lady Luck);... uh, I'm sorry?;... Eh... ¿cómo dices?;
* previously;Robot 1 (Robot);With an extra eight hours a day, I can|truly become the best 'me' I can be!;¡Con ocho horas más al día, puedo alcanzar|realmente mi mejor versión!;
* previously;Robot 1 (Lady Luck);Why not just play for immortality?;¿Y por qué no juegas para conseguir la inmortalidad?;
* previously;Robot 1 (Lady Luck);Then you’d have all the time in the world.;Así tendrías todo el tiempo del mundo.;
* previously;Robot 1 (Robot);All the research shows that personal change is|more sustainable if you start small.;Todas las investigaciones confirman que el cambio personal|es más sostenible si empiezas poco a poco.;
* previously;Robot 1 (Robot);I’m gonna try for immortality next time!;¡La próxima vez probaré con lo de la inmortalidad!;
* previously;Robot 1 (Lady Luck);Oh my dear!;¡Ay, cielo!;
* previously;Robot 1 (Lady Luck);There won't be a next time.;No habrá una próxima vez.;
* previously;Robot 1 (Lady Luck);Just try to make the most of this one. In you go!;Así que intenta aprovechar esta al máximo. ¡Ahí lo llevas!;
* previously;Robot 2 (Lady Luck);BZZZZT! BEEP! It’s our little optimised optimist the Robot!;¡BZZZZT! ¡BIP! ¡Es nuestro robotito, tan optimizado y tan optimista!;
* previously;Robot 2 (Lady Luck);How are the calculations coming along, my dear?;¿Cómo van los cálculos, querido?;
* previously;Robot 2 (Robot);They’re good!;¡Todo correcto!;
* previously;Robot 2 (Robot);Er, I don’t really beep, you know.;Bueno, yo no soy mucho de bips, ¿sabes?;
* previously;Robot 2 (Lady Luck);I do know, yes. Still keen to be the|very best version of yourself?;Claro que lo sé. ¿Todavía sigues empeñado en alcanzar|la mejor versión de ti mismo?;
* previously;Robot 2 (Robot);Well! Yes!;¡Eso sí! ¡Claro!;
* previously;Robot 2 (Robot);But I was wondering...;Pero me preguntaba...;
* previously;Robot 2 (Robot);Since I’ve completed some of my episodes...;Ya que he completado algunos de mis episodios...;
* previously;Robot 2 (Robot);Could I maybe leave now and just win, say,|two hours less sleep a night?;Digamos que... ¿quizás podría irme ahora y conseguir|dos horas menos de sueño por la noche?;
* previously;Robot 2 (Lady Luck);Oh, what an interesting idea!|Let me have a think...;¡Ah, qué idea tan interesante!|Déjame que lo piense...;
* previously;Robot 2 (Lady Luck);No. No, you obviously can’t.;No. Obviamente no puedes.;
* previously;Robot 2 (Lady Luck);Haven’t you been paying any attention at all?;¿Es que no has prestado atención todo este tiempo?;
* previously;Robot 2 (Lady Luck);Get back in the Dungeons, pal-culator.;Vuelve a las mazmorras, calculadora con patas.;
* previously;Robot 3 (Lady Luck);Hey! How's the self-improvement going?;¡Eh! ¿Cómo va el tema de la autosuperación?;
* previously;Robot 3 (Lady Luck);Are you the best possible version of yourself yet?;¿Ya eres la mejor versión posible de ti mismo?;
* previously;Robot 3 (Lady Luck);I only want top-quality minions in my dungeons.;Solo quiero esbirros de la mejor calidad en mis mazmorras.;
* previously;Robot 3 (Robot);...not yet! But I’m gonna try harder.;... ¡Todavía no! Pero voy a esforzarme más.;
* previously;Robot 3 (Robot);I’m still going to win.;Y todavía pienso ganar.;
* previously;Robot 3 (Lady Luck);Ah, bless your heart. Never give up hope.;Ay, pobre diablillo. No te des por vencido.;
* previously;Robot 3 (Lady Luck);Keep believing that this time, THIS|time, it might all be okay...;Sigue creyendo que esta vez, ESTA|vez, todo podría salir bien...;
* previously;Robot 3 (Robot);It might!;¡Sí que podría!;
* previously;Robot 3 (Robot);You know what? I think it|will be! I can feel it!;¿Sabes qué? ¡Creo que|esta es la buena! ¡Puedo sentirlo!;
* previously;Robot 3 (Lady Luck);Well, you’d better hope it happens soon - your time’s running |out, so quick, get in there and get fighting...;Bueno, será mejor que esperes que pase pronto, te estás|quedando sin tiempo. Venga, rápido, entra ahí y pelea...;
* previously;Inventor 1 (Lady Luck);It's time to meet the fourth member of our little squad!;¡Ha llegado la hora de conocer al cuarto miembro de nuestra pandilla!;
* previously;Inventor 1 (Lady Luck);What she lacks in attention span, she makes up for in ingenuity.;Lo que le falta de atención lo suple con ingenuidad.;
* previously;Inventor 1 (Lady Luck);Yes, that's right - it's time for...;Sí, así es, es el turno de...;
* previously;Inventor 1 (Lady Luck);... the Inventor!;... ¡la inventora!;
* previously;Inventor 1 (Inventor);Wait, how did you do that?;Un momento, ¿cómo has hecho eso?;
* previously;Inventor 1 (Inventor);I’m really a dice?;¿De verdad soy un dado?;
* previously;Inventor 1 (Inventor);Oh wow, my little legs.;Anda, mira qué piernecitas.;
* previously;Inventor 1 (Inventor);This shouldn’t be possible!;¡Pero si es imposible!;
* previously;Inventor 1 (Lady Luck);I’m the all-powerful personification of fate,|my dear - everything’s possible.; everything's possible.;
* previously;Inventor 1 (Lady Luck);Now, what brought you to the Dungeons this evening?;Bueno, ¿por qué has venido hoy hasta las mazmorras?;
* previously;Inventor 1 (Inventor);Oh, we all caught the train together!;¡Ah, hemos cogido el tren todos juntos!;
* previously;Inventor 1 (Inventor);It was one of the new model T-132s|with the regenerative brakes!;Era un modelo nuevo, el T-132,|¡con frenos regenerativos!;
* previously;Inventor 1 (Lady Luck);...I see. Yes.;... Ya veo. Sí.;
* previously;Inventor 1 (Lady Luck);But what, my dear, are you hoping to WIN?;Pero cielo, ¿qué es lo que esperas GANAR?;
* previously;Inventor 1 (Inventor);Complete understanding of everything in the universe!;¡La compresión absoluta de todas las cosas del universo!;
* previously;Inventor 1 (Lady Luck);...I can tell we’re going to have a wonderful|time in the Dungeons tonight.;... Estoy convencida de que vamos a pasarlo|estupendamente en las mazmorras esta noche.;
* previously;Inventor 1 (Lady Luck);So let’s get started!;Así que... ¡en marcha!;
* previously;Inventor 2 (Lady Luck);Inventor, my determined little friend.;Inventora, mi valiente y resuelta amiguita.;
* previously;Inventor 2 (Lady Luck);How are you getting on with my Dungeons?;¿Cómo te está yendo en las mazmorras?;
* previously;Inventor 2 (Inventor);You know, I’m not 100% sure they’re fair.;Bueno, no estoy completamente segura de que sean justas.;
* previously;Inventor 2 (Inventor);I think some episodes might|be harder than others.;Creo que algunos episodios podrían ser|un poco más difíciles que otros.;
* previously;Inventor 2 (Lady Luck);Oh gosh! Surely not! How terribly unjust that would be.;¡Ay, cielos! ¡Por supuesto que no! Eso sería una enorme injusticia.;
* previously;Inventor 2 (Lady Luck);I must look into it.;Me aseguraré de comprobarlo.;
* previously;Inventor 2 (Inventor);...and actually...;... De hecho...;
* previously;Inventor 2 (Inventor);... the more I think about it the more it seems|like you must have realised already...;... cuanto más lo pienso, más me hace pensar|que tú ya has tenido que darte cuenta...;
* previously;Inventor 2 (Lady Luck);I don’t think that can possibly be true, my dear.;No creo que eso sea cierto, encanto.;
* previously;Inventor 2 (Lady Luck);It doesn’t sound like me at all.;No me pega para nada.;
* previously;Inventor 2 (Lady Luck);ANYWAY, in you go! Have a great episode!;¡EN FIN, vuelve a entrar ahí! ¡Que tengas un episodio estupendo!;
* previously;Inventor 2 (Lady Luck);Don’t get trapped forever!;¡No te quedes atrapada para siempre!;
* previously;Inventor 3 (Lady Luck);Welcome back, my little cubeling! It’s so lovely to-;¡Bienvenida de nueva, mi pequeña cubitera! Qué agradable tenerte-;
* previously;Inventor 3 (Inventor);Nope! Not listening! I’m not interested|in talking to you any more!;¡Nanay! ¡Que no te escucho! ¡No tengo intención de seguir|hablando contigo ni un segundo más!;
* previously;Inventor 3 (Lady Luck);But I was about to make you a very|generous offer, my dear.;Pero si estaba a punto de hacerte|una oferta muy generosa, querida.;
* previously;Inventor 3 (Lady Luck);Are you telling me you’re not interested|in... making a deal?;¿Acaso no estás interesada en...|hacer un trato?;
* previously;Inventor 3 (Inventor);LA LA LA LA NOT LISTENING!;¡LA LA LA LA, NO TE ESCUCHO!;
* previously;Inventor 3 (Inventor);You’re a fraud and a cheat and I’m not|going to waste time arguing with you!;¡Eres un fraude y una tramposa, y no voy a|malgastar mi tiempo discutiendo contigo!;
* previously;Inventor 3 (Inventor);I’m figuring this whole place out|and I’m making a plan...;Voy a dar con la solución de este sitio|y estoy haciendo un plan...;
* previously;Inventor 3 (Inventor);...so you might as well just put me back|in for another fight RIGHT NOW.;... así que ya puedes meterme de nuevo|para la siguiente pelea, AHORA MISMO.;
* previously;Inventor 3 (Lady Luck);... well, if you insist. You don’t have|much time left, after all.;... Bueno, si insistes. Después de todo,|no te queda mucho tiempo.;
* previously;Inventor 3 (Lady Luck);Let’s just try another little twist on the|rules, and see how you like THAT...;Vamos a probar otra pequeña alteración|de las reglas, a ver si te GUSTA...;
* previously;Witch 1 (Lady Luck);It’s time to meet our final contestant - an aspiring|vlogger who’s cast a spell over us all!; an aspiring|vlogger who's cast a spell over us all!;
* previously;Witch 1 (Lady Luck);Here she is -;Aquí está...;
* previously;Witch 1 (Lady Luck);the social media medium –;la más mediática en las redes sociales...;
* previously;Witch 1 (Lady Luck);ready to enter the Dungeons as...;está preparada para entrar en las mazmorras como...;
* previously;Witch 1 (Lady Luck);... the Witch!;... ¡la bruja!;
* previously;Witch 1 (Witch);Oh my god, I’m really a dice!;¡Santo cielo, sí que soy un dado!;
* previously;Witch 1 (Witch);Is this a new chat filter?;¿Es un filtro nuevo del chat?;
* previously;Witch 1 (Witch);And Lady Luck, I can’t believe I’m|meeting you in person!;¡Eres Fortuna! ¡Es increíble|conocerte en persona!;
* previously;Witch 1 (Witch);Can I get a selfie?;¿Podemos sacarnos un selfi?;
* previously;Witch 1 (Lady Luck);There’ll be plenty of time for that later,|my little flatterer.;Tendremos muchísimo tiempo para eso más tarde,|querida admiradora.;
* previously;Witch 1 (Lady Luck);Now, what has lured you to my realms of mystery?;Pero antes dime: ¿qué te ha atraído|hasta mis misteriosos reinos?;
* previously;Witch 1 (Witch);Honestly, I’m just SO happy to be here.;Pues la verdad que estoy MUY contenta de estar aquí.;
* previously;Witch 1 (Witch);I’m super excited to go wherever fate takes me!;¡Me muero de ganas por ir adonde me depare el destino!;
* previously;Witch 1 (Lady Luck);You know that if you don’t ask for something specific,|you won’t get a prize, even if you win?;¿Sabes que tienes pedir algo en concreto|o no recibirás ningún premio, incluso si ganas?;
* previously;Witch 1 (Witch);...Oh!;... ¡Anda!;
* previously;Witch 1 (Witch);Hmm, in that case how about...|ten million followers.;Mmm, en ese caso qué te parece si pido...|diez millones de seguidores.;
* previously;Witch 1 (Witch);Real ones too, not bots this time...;Y que sean de verdad esta vez, nada de bots...;
* previously;Witch 1 (Lady Luck);That’s more like it. Now let’s play!;Eso está mejor. ¡Que empiece el juego!;
* previously;Witch 2 (Lady Luck);My wonderful Witch! How have you been|enjoying your time in the Dungeons?;¡Mi maravillosa bruja! ¿Estás disfrutando de tu paso|por las mazmorras?;
* previously;Witch 2 (Lady Luck);Too easy, perhaps? Maybe I'll crank up the difficulty.;¿Está siendo demasiado fácil, quizás? Podría subir la dificultad.;
* previously;Witch 2 (Witch);It’s okay. I can do this.;Me vale. Puedo hacerlo.;
* previously;Witch 2 (Witch);It’ll be fine! It’ll all be fine.;¡Todo va a salir bien! Todo saldrá a pedir de boca.;
* previously;Witch 2 (Lady Luck);That's the spirit, my dear!;¡Así se habla, encanto!;
* previously;Witch 2 (Lady Luck);That can-do attitude is why you're my favourite.;Por eso eres mi favorita, por tu actitud positiva ante todo.;
* previously;Witch 2 (Lady Luck);Of course, you’re all doomed in the long run...;Aunque obviamente todos estáis condenados a la larga...;
* previously;Witch 2 (Witch);It’s.. it’s all about the journey, right?;Lo que... lo que más importa es el viaje, ¿verdad?;
* previously;Witch 2 (Witch);And I’m just so humbled by the support at home.;Y estoy abrumada por el apoyo que recibo.;
* previously;Witch 2 (Witch);I *am* supported at home, right?;Porque la gente me apoya, ¿no?;
* previously;Witch 2 (Witch);The audience likes me?;¿A la audiencia le caigo bien?;
* previously;Witch 2 (Lady Luck);Not all of them, my dear.;No a todos, cielo.;
* previously;Witch 2 (Lady Luck);Honestly, you’re a bit of a divisive figure.;Lo cierto es que eres una figura que causa división de opiniones.;
* previously;Witch 2 (Lady Luck);But maybe you can win them over|now if you try hard enough!;¡Pero quizás puedas convencerlos|ahora si te esfuerzas lo suficiente!;
* previously;Witch 3 (Lady Luck);Ah, my lovely little witch.;Ah, mi encantadora brujita.;
* previously;Witch 3 (Lady Luck);Your friends are getting close to giving up, you know.;Tus amigos están más cerca de rendirse, para tu información.;
* previously;Witch 3 (Lady Luck);But I'll tell you what - if you quit first, I won't make|you fight the next round of contestants.;¿Pero qué te parece esto? Si te rindes antes, no te obligaré|a luchar en la siguiente ronda de concursantes.;
* previously;Witch 3 (Lady Luck);I'll let you have a go as the Dicey Dungeons|social media intern instead.;Y en su lugar te dejaré ser la nueva becaria|de redes sociales de Dicey Dungeons.;
* previously;Witch 3 (Witch);You know what, you can just go and-;Mira lo que te digo, puedes irte a...;
* previously;Witch 3 (Lady Luck);No swearing, my dear! Remember - we're on television.;¡Nada de palabras soeces, querida! Recuerda: estamos en la tele.;
* previously;Witch 3 (Witch);...go and make other recruitment arrangements,|because I'm not doing anything for you. Ever.;... irte a buscar tratos con otros,|porque yo no voy a hacer nada por ti. Nunca.;
* previously;Witch 3 (Witch);And when I get out, I'm gonna tell|everyone just how evil you are!;¡Y cuando salga de aquí, les contaré|a todos lo mala que eres!;
* previously;Witch 3 (Lady Luck);'When you get out...’?;¿Cuando salgas de aquí...?;
* previously;Witch 3 (Lady Luck);Every time I think you start to understand your situation,|you make it clear that you really, really don't.;Cada vez que creo que empiezas a entender tu situación,|me dejas más claro que no entiendes nada de nada.;
* previously;Witch 3 (Lady Luck);Well, maybe another fight or two will|help to clear it up...;Bueno, quizá un par de peleas más|te ayuden a ver las cosas con claridad...;
* previously;Jester 1 (Lady Luck);... You.;... Tú.;
* previously;Jester 1 (Lady Luck);After all these years. How could you? How *dare* you?;Después de todos estos años. ¿Cómo has podido? ¿Cómo te atreves?;
* previously;Jester 1 (Jester);I’ve been down here so long!;¡Llevo aquí abajo muchísimo tiempo!;
* previously;Jester 1 (Jester);I just want to breathe fresh air and eat a|pizza and go on a rollercoaster and--;Solo quiero respirar aire fresco, comerme una pizza,|subirme a una montaña rusa y-;
* previously;Jester 1 (Lady Luck);Silence! That was a rhetorical question, minion.;¡Silencio! Era una pregunta retórica, esbirro.;
* previously;Jester 1 (Jester);Plus I’m sick of being called a minion!;¡Y además estoy harto de que me llamen esbirro!;
* previously;Jester 1 (Jester);Decades in the dungeon, working day and night,|and I’m still not even a sidekick?;Tras décadas en la mazmorra trabajando día y noche,|¿ni siquiera soy un secuaz?;
* previously;Jester 1 (Lady Luck);So you'd prefer to try your hand as a CONTESTANT?;¿Así que prefieres probar suerte como CONCURSANTE?;
* previously;Jester 1 (Lady Luck);Well, good luck with that!;¡Vale, pues buena suerte con ello!;
* previously;Jester 1 (Lady Luck);AND IN CASE IT WASN'T CLEAR, THAT WAS SARCASM.;Y POR SI NO ESTABA CLARO, ESTOY SIENDO SARCÁSTICA.;
* previously;Jester 1 (Lady Luck);I HOPE YOU HAVE THE MOST MISERABLE EXPERIENCE OF ALL.;ESPERO QUE TENGAS LA EXPERIENCIA MÁS MISERABLE POSIBLE.;
* previously;Jester 1 (Jester);It can’t be as miserable as working for you!;¡No puede llegar a ser tan miserable como trabajar para ti!;
* previously;Jester 1 (Jester);Let’s go!;¡Vamos allá!;
* previously;Jester 2 (Lady Luck);Oh, it’s you again.;Oh, tú otra vez.;
* previously;Jester 2 (Lady Luck);How’s the despair going?;¿Cómo te va lo de perder la esperanza?;
* previously;Jester 2 (Lady Luck);What about the sickening waves of regret?;¿Y los repugnantes sentimientos de arrepentimiento?;
* previously;Jester 2 (Jester);Pretty much under control, to be honest!;¡Si te digo la verdad, lo tengo todo bajo control!;
* previously;Jester 2 (Lady Luck);You know this is going to end terribly.;Sabes que esto va a acabar de forma pésima.;
* previously;Jester 2 (Jester);I was already trapped for eternity!;¡Ya estaba atrapado para toda la eternidad!;
* previously;Jester 2 (Jester);That *is* ending terribly!;¡Eso sí que es acabar de forma pésima!;
* previously;Jester 2 (Lady Luck);Well, next time round you won’t have a cushy job in|the introductions and razzle-dazzle department.;Bueno, la próxima vez no tendrás un trabajo cómodo|en las presentaciones y el departamento de estramboticidades.;
* previously;Jester 2 (Lady Luck);You’ll be down on level one, hanging out with the frog|and that unbearable space guy. ALL DAY, EVERY DAY.;Estarás allí abajo, en el nivel uno, acompañando a la rana|y a ese tío espacial insoportable. HORA TRAS HORA, DÍA TRAS DÍA.;
* previously;Jester 2 (Jester);You know what they say - a change|is as good as a holiday!;Ya sabes lo que dicen:|¡El tiempo todo lo cambia!;
* previously;Jester 2 (Lady Luck);Well, you should enjoy this CHANGE I’m|making to the rules, then! IN YOU GO...;Bueno, ¡pues a ver si disfrutas de este CAMBIO|que voy a hacer en las reglas, listillo! PARA ADENTRO...;
* previously;Jester 3 (Lady Luck);Well, let’s all fall silent for the Jester once again.;Bueno, vamos a quedarnos todos en silencio|ante el bufón una vez más.;
* previously;Jester 3 (Lady Luck);And let's ignore how pleased with themselves they look.;Y también vamos a ignorar lo mucho|que se gusta a sí mismo.;
* previously;Jester 3 (Jester);I’m a jester. I’m always pleased with myself.;Soy un bufón. Siempre estoy contento conmigo mismo.;
* previously;Jester 3 (Lady Luck);I’d expect you of all people to know|how likely it is that you’ll fail...;Esperaba que tú antes que nadie supiera|que lo más probable es que todos fracaséis...;
* previously;Jester 3 (Lady Luck);...how improbable it is that you and your new|pals can thwart fate and chance and entropy.;... Que vieras que es casi imposible que tú y tus|nuevos amigos evitarais el destino, la mala suerte y la entropía.;
* previously;Jester 3 (Jester);Still, better to try anyway, right?;Bueno, pero es mejor intentarlo igualmente, ¿no?;
* previously;Jester 3 (Jester);And if it doesn’t work this|time, we'll try again.;Y si no lo conseguimos esta vez,|lo intentaremos otra vez.;
* previously;Jester 3 (Jester);And again. And again.;Y otra. Y otra.;
* previously;Jester 3 (Jester);Until it does.;Hasta que lo consigamos.;
* previously;Jester 3 (Lady Luck);Yes, people say the same thing about the lottery, I believe.;Sí, creo que la gente dice lo mismo sobre la lotería.;
* previously;Jester 3 (Lady Luck);You should really know better, after all this time.;Después de todo este tiempo, deberías saberlo.;
* previously;Jester 3 (Lady Luck);But I suppose you don’t have any other options.;Pero supongo que no tienes ninguna otra opción.;
* previously;Jester 3 (Lady Luck);So, in you go!;¡Venga, adentro!;
* previously;shop keeper;A customer! How exciting! We've got some absolute|bargains for you today!;¡Clientes! ¡Qué emoción! ¡Hoy tenemos gangas|buenísimas para ti!;
* previously;shop keeper;Come in! Yolanda's got some amazing products in stock today!|Yolanda's also speaking in the third person again - oops!;¡Adelante! ¡Yolanda tiene unos productos estupendos hoy!|Yolanda también está hablando otra vez en tercera persona... ¡Ups!;
* previously;shop keeper;What are you after? Something shiny, something swooshy, something|that seems useful but isn't? We've got ‘em all!;¿Qué es lo que buscas? ¿Algo brillante, algo chuli? ¿Algo|que parece útil pero que no lo es? ¡Tenemos de todo! ;
* previously;shop keeper;Ah you've just missed out on an amazing little beret.|But we've got plenty of other options in stock!;Vaya, te acabas de perder una boina estupendísima.|¡Pero tenemos muchas más opciones en el almacén!;
* previously;shop keeper;Have a look around! I just sold the last waffle maker,|but maybe something else will take your fancy?;¡Echa un vistazo! Acabo de vender la última gofrera, pero puede|que tenga alguna otra cosa por aquí que te guste...;
* previously;shop keeper;Oh we've just had a delivery of some *very* stylish|scarves - no? Just the fighting stuff? Fair enough!;Ah, nos acaba de llegar una entrega con unas bufandas|muy estilosas. ¿Cómo dices? ¿Que no? ¿Que solo quieres cosas para pelear? ¡Muy bien!;
* previously;shop keeper;Can I tempt you with some wooden spoons? An ice-making|machine? No? Wow, you're one single-minded shopper!;¿Puedo ofrecerte unas tentadoras cucharas de madera? ¿Y una|máquina de hielo? ¿No? ¡Vaya, tienes claros tus hábitos de compra! ;
* previously;shop keeper;Been saving up your gold pieces? Well, you can't take ‘em|with you! Might as well splurge while you can!;¿Has estado ahorrando monedas de oro? Bueno, ¡no puedes|llevártelas! ¡Lo mejor será despilfarrar mientras puedas! ;
* previously;shop keeper;Hey there! What do you fancy? I'd offer a discount but|honestly the sales targets down here are INTENSE.;¡Buenas! ¿Te llama la atención algo? Te ofrecería un descuento, pero|la verdad es que los objetivos de venta son DUROS por aquí.;
* previously;shop keeper;So good to see you! Come in, come in! Did you sign|up to our loyalty card scheme yet? ;¡Qué alegría verte! ¡Pasa, pasa! ¿Ya tienes|nuestra tarjeta de cliente habitual? ;
* previously;shop keeper;Need a carrier bag? Oh! You brought a backpack? That's|well prepared AND environmentally friendly!;¿Necesitas una bolsa? ¡Ah! ¿Has traído una mochila? ¡Vienes|bien preparado Y ayudas al medioambiente!;
* previously;shop keeper;We've just had a delivery of fresh carrots from the Gardener! Great for helping|you see down here! What? The show's well lit? Maybe next time then! ;¡El Jardinejo nos acaba de dejar un pedido con zanahorias recién cogidas! ¡Te irán de lujo|para ver allí abajo! ¿Cómo? ¿Que está bien iluminado? ¡Bueno, quizá en otra ocasión! ;
* previously;shop keeper;I've been working on a new slogan for the shop: “Spend your coins|here - there's literally nowhere else!” What do you think?;He estado trabajando en un eslogan nuevo para la tienda: “Gástate las|monedas aquí... ¡porque no hay más tiendas!” ¿Qué te parece?;
* previously;shop keeper;I'm so glad to see you! I'm stuck on a crossword clue.|"Underground prison", 7 letters starting with D. Any idea?;¡Qué alegría verte! Estoy atascado con el crucigrama.|"Prisión subterránea", 8 letras y empieza por M. ¿Se te ocurre?;
* previously;shop keeper;Oh! You're just in time! I'm about to unveil our new cheese|counter - care for a sample? It's.... un-BRIE-lievable!;¡Ah! ¡Justo a tiempo! Estoy a punto de estrenar nuestro nuevo|mostrador de quesos. ¿Quieres probar algo? ¡Un buen queso es fund-emmental!;
* previously;shop keeper;I *love* your energy and determination! Ever|considered opening a shop of your own? ;¡Me encanta tu energía y tu actitud! ¿Has pensado|en abrir una tienda por tu cuenta? ;
* previously;shop keeper;Welcome back! Take your time - I only want satisfied customers.|As my old nan used to say: second place is for losers! ;¡Hola de nuevo! Tómate tu tiempo, me gusta que el cliente se vaya|contento. Como decía mi abuela: ¡Nadie se acuerda del segundón! ;
* previously;shop keeper;It's so nice to see you! Here, I set aside a few bits|and pieces I thought you might like...;¡Es un placer verte por aquí! Mira, te he guardado|unas cosillas que podrían interesarte...;
* previously;shop keeper;Hello there! Thinking of settling down in the dungeons yet? Well,|I'll keep this microwave by in case you change your mind! ;¡Saludos! ¿Te has pensado lo de instalarte en las mazmorras? Bueno,|¡te guardo este microondas por si cambias de idea! ;
* previously;shop keeper;Back for more weapons? Not interested in an engraved fountain|pen? Well, I guess the customer is always right! ;¿Has venido a por más armas? ¿No te interesa una pluma|estilográfica grabada? Bueno, ¡dicen que el cliente siempre tiene la razón! ;
* previously;shop keeper;Hey, friend! Is it okay if I call you that? I'm beginning|to feel like we know each other pretty well!;¡Hola, camarada! Puedo llamarte así, ¿no? ¡Empiezo|a sentir que nos conocemos muy bien! ;
* previously;shop keeper;Welcome back! Have a browse, have a wander,|let me know if you have any questions...;¡Hola otra vez! Mira lo que quieras, date una|vuelta y avísame si necesitas algo...;
* previously;shop keeper;It's just wonderful to see you and your buddies so determined to|fight! It's like you don't know you're hopelessly doomed!;¡Es genial ver lo implicados que estáis tú y tus amigos en el|combate! ¡Casi parece que no sabéis que estáis condenados sin remedio! ;
* previously;shop keeper;Hey, just so you know, I set a carpet aside for when you all|decide to settle down and make yourselves home round here! ;¡Que sepas que te he guardado una alfombra para cuando|decidáis asentaros aquí y queráis sentiros como en casa! ;
* previously;shop keeper;Oh, hello again! Want to know why my Dungeon shop is so successful?|The overheads are really low! Ahahahahaha!;¡Anda, hola! ¿Quieres saber por qué mi tienda en la mazmorra va tan bien?|¡Porque los gastos son muy bajos! ¡Ja, ja, ja, ja, ja!;
* previously;trading post;Here's what I've got. Take it or leave it.;Esto es lo que tengo. O lo tomas o lo dejas.;
* previously;trading post;Here are your options! Sorry: here is your option!;¡Estás son tus opciones! Disculpa: ¡esta es tu opción!;
* previously;trading post;Afternoon. Not much in today.;Buenas. Hoy no hay mucho.;
* previously;trading post;Well, I'll make an offer. No promises that you'll like it.;Bueno, te haré una oferta. No te prometo que te vaya a gustar.;
* previously;trading post;Welcome to the One Swap Shop. Here's today's swap.;Gracias por venir a la tienda Intercambio Único. El cambio de hoy es...;
* previously;trading post;Trading time? Well, see what you think. It doesn't bother me either way.;¿Quieres intercambiar algo? A ver lo que opinas. A mí me da igual de todas formas.;
* previously;trading post;Well, let's see whether there's anything I can take off your hands.;Venga, a ver si hay algo que pueda quitarte de las manos.;
* previously;trading post;This is all you've got to trade? You're in more trouble than I thought;¿Eso es todo lo que tienes para ofrecer? Tienes más problemas de los que pensaba.;
* previously;trading post;Your cash is useless here. It's tradeables or nothing.;Tu dinero no sirve de nada aquí. O trueque o nada.;
* previously;trading post;No takey backsies.;Lo que se da no se quita.;
* previously;trading post;Well, I guess this isn't too bloodstained. Want to trade?;Bueno, tampoco tiene muchas manchas de sangre. ¿Aceptas el trueque?;
* previously;trading post;You want more choice? Friend, you're lucky I found one|piece of treasure in your bag of trash.;¿Quieres más variedad? Colega, tienes suerte de que haya|encontrado un pequeño tesoro en esa mochila con basura.;
* previously;trading post;Here's what I've got - don't expect me to tell you how to use it.;Esto es lo que tengo. No esperes que te cuente cómo se usa.;
* previously;trading post;Oh, it's you. What've you got for me this time?;Ah, eres tú. ¿Qué tienes para mí ahora?;
* previously;trading post;Hope you've brought me something decent this time.;Espero que esta vez me hayas traído algo decente.;
* previously;trading post;You again? What've you got?;¿Otra vez tú? ¿Qué tienes?;
* previously;trading post;I hope you've got a better haul this time.;Espero que esta vez tengas mejor material.;
* previously;trading post;I hope this works out for you all. But like they say: you should|never go into business or dungeons with your friends.;Espero que salgáis todos de esta. Pero ya sabes lo que dicen:|Es mejor no meterse en negocios ni en mazmorras con amigos.;
* previously;trading post;Look, I like you. Well, I only really like my sister, but I|don't *dislike* you. So I'll make you the best offer I can.;Mira, me caes bien. Bueno, solo me cae bien mi hermana, pero|NO me caes mal. Así que te haré la mejor oferta posible.;
* previously;trading post;Back again? Well, let's get on with it.;¿Has vuelto? Venga, vamos al lío. ;
* previously;trading post;Still down here? I can't decide if you're brave or deluded. Maybe both.;¿Sigues aquí abajo? No sé si es por tu valentía o tu ingenuidad. Quizá las dos cosas.;
* previously;trading post;How do you still have this much energy? It's|exhausting just dealing with you.;¿Cómo sigues con tanta energía? Tratar|contigo ya es agotador.;
* previously;trading post;That's your current loadout? Ugh. Maybe this will help|you fail slightly less.;¿Esto es lo que llevas encima? Uf. Quizá con esto|no fracases tan estrepitosamente.;
* previously;trading post (if you return);Huh. I thought you'd be back.;Je. Imaginaba que volverías. ;
* previously;trading post (if you return);Weren't you just here? Well, the offer still stands.;¿No has estado aquí hace un segundo? Bueno, la oferta sigue en pie.;
* previously;trading post (if you return);Look, take the deal or don't, doesn't bother me. Just don't|keep coming back every five minutes to hum and haw over it.;Mira, o aceptas el trato, o no, pero no molestes. Deja ya|de volver cada cinco minutos y pasear tus dudas por aquí.;
* previously;trading post (if you return);You again? Well, I'm not gonna offer you anything different this time.;¿Otra vez tú? Bueno, esta vez no voy a ofrecerte nada distinto.;
* previously;trading post (if you return);I don't haggle, you know. The deal is the deal. Take it or leave it.;Yo no regateo, para que lo sepas. El trato es el que había. Lo tomas o lo dejas.;
* previously;trading post (if you return);Do you think if you keep coming back I might offer you more?|Ha. You're lucky I'm not offering less.;¿Crees que por volver una y otra vez voy a ofrecerte más?|Ja. Tienes suerte de que no te ofrezca mucho menos.;
* previously;blacksmith;Mate! Come on in! Want a carrot? The Gardener|just dropped by and gave me a few - delicious!;¡Colega! ¡Adelante! ¿Quieres una zanahoria? ¡Acaba|de pasar el Jardinejo y me ha dejado unas cuantas riquísimas!;
* previously;blacksmith;Hey! Mate! Come on in! You picked a great time|to come by, the Vacuum was just around for tea|so it's super clean in here at the mo.;¡Eh! ¡Colega! ¡Adelante! Qué buen momento|para pasarte;
* previously;blacksmith;Come in! Take a seat! Picked up some great|wiring from Robobot this morning, I reckon|I've got some pretty decent upgrades to offer.;¡Adelante! ¡Toma asiento! Me ha llegado un|cableado buenísimo esta mañana de RoboBot. Puedo|ofrecerte unas cuantas mejoras bastante decentes.;
* previously;blacksmith;Heyyy, come in! Tell me: what do you want in|an upgrade? More compact machinery?|More power? More flexibility?;¡Buenasss, pasa! Dime, ¿qué es lo que buscas en|una mejora? ¿Maquinaria más compacta?|¿Más potencia? ¿Flexibilidad?;
* previously;blacksmith;Hey! Come in! I love your outfit, you look|really intentional. Have you met Rose yet? So|dapper, I reckon you'd really get on.;¡Hola! ¡Adelante! Me encanta lo que llevas, menudo|estilazo. ¿Has conocido ya a Rosa? Es muy|elegante, creo que os levaríais muy bien.;
* previously;blacksmith;Oh you're back! Amazing! I've got some great|upgrades for you, just great, got some amazing|ideas from the Magician.;¡Anda, has vuelto! ¡Impresionante! Tengo unas mejoras|estupendas para ti, de verdad, el mago me ha|dado unas ideas buenísimas.;
* previously;blacksmith;Come in! Come in! So good to see you! You just|missed Cornelius! Ah, love that guy, such a joker.;¡Adelante! ¡Adelante! ¡Me alegra verte! ¡Cornelius|se acaba de ir! El tío es un guasón, me encanta.;
* previously;blacksmith;Hiya! Hey, want to buy some cookies? Madison|left ‘em here - you know Madison, right?|Great kid, great kid.;¡Eo! Oye, ¿quieres comprar galletas? Madison|las ha dejado aquí... Sabes quién es Madison, ¿no?|Qué encanto de niña.;
* previously;blacksmith;Welcome back! It’s so great to see how hard|you’re fighting! Lemme see what I’ve got in|the back, I must be able to help...;¡Hola otra vez! ¡Es increíble ver cuánto|estás luchando! A ver qué tengo en la|trastienda, seguro que puedo ayudarte...;
* previously;blacksmith;Mate! You're back! You just missed some|amazing karaoke, you would not BELIEVE how|great the Banshee is once she gets going.;¡Colega! ¡Otra vez por aquí! Te has perdido|un karaoke impresionante, ni te IMAGINAS lo|buena que es Banshee cuando le da a un tema.;
* previously;blacksmith;C'mon in! Hey you know the Space Marine? Think|he'd like a telescope for his Dungiversary, or|would it make him sad that he's not in space?;¡Entra, adelante! ¿Conoces al Marine espacial? ¿Crees|que le gustaría un telescopio para su mazmorraniversario o|se pondrá triste por no estar en el espacio?;
* previously;blacksmith;I just TOLD you - oh it's you! Sorry, thought|it was Sticky Hands again. Ah he's a good kid|but the shoplifting gets pretty intense!;No te he DICHO que... ¡Ah, eres tú! Lo siento,|creía que eras Manos pegajosas. Es un buen crío,|¡pero tiene las manos muy largas para los robos!;
* previously;blacksmith;Oh it's you, great. I thought it might be|Marsho - great friend, really great, but that|fire and these chemicals are a tricky mix...;Ah, eres tú, perfecto. Pensaba que era|Malvavisco... Es un muy buen amigo, pero|su fuego y estas sustancias químicas hacen mala mezcla...;
* previously;blacksmith;Ah come in! Be careful about where you're|walking, just had Slime round for brunch and|I haven't had a chance to mop up yet...;¡Ah, pasa! Ten cuidado por donde pisas|porque Limo ha venido a almorzar y no he|tenido tiempo de pasar la fregona aún...;
* previously;blacksmith;Oh it's you, come in! Do you think I could|bosh up a sunlight lamp for Dryad? She's|been a bit down lately.;¡Ah, eres tú, pasa! ¿Crees que podría|buscarle una lámpara solar a Dríade? Ha|estado un poco desanimada últimamente.;
* previously;blacksmith;Hey, come in! Stick around if you like, Baby|Squid's coming round - she'd love to see you,|she's always saying you're great to fight.;¡Hola, adelante! Quédate si quieres;
* previously;blacksmith;Ah you're still at it! Good on ya, I thought|you'da quit by now! Lemme have a stickybeak|at your equipment and I'll see what I can do.;¡Ah, sigues en liza! ¡Bien por ti, pensaba|que te habías rendido ya! Voy a echarle un ojo|a tu equipo y veré lo que puedo hacer.;
* previously;blacksmith;Mate! Come in! I was getting some armour|together for the Cactus. Go easy next time you|two fight, would you? It's hard to be a plant!;¡Colega! ¡Adelante! Estaba confeccionando una|armadura para Cactus. No te pases la próxima|vez que luchéis, ¿vale? ¡Ser una planta es duro!;
* previously;blacksmith;Come in! Sorry I'm always yelling that out,|it's just in case you're the Vampire, poor kid|can't come in unless he's invited.;¡Adelante! Disculpa que siempre esté gritando eso,|es solo por si se acerca el Vampiro: el pobre|no puede venir si no se le invita.;
*** previous version;shop;Welcome! Welcome! The book group's meeting in the back - or are you|here for shopping? That's fine, carry on, have a browse!;***;
*** previous version;shop;Hey there! Just window shopping, or are you here to buy?|I've got some bargains in today!;***;
*** previous version;shop;Hey, come on in! Just so you know, we're happy to match any lower prices|you come across... just kidding, we're the only shop in the Dungeons,|so I guess it's take it or leave it!;***;
*** previous version;shop;It's you again! We've just got some new stock in - I hope|there's something we can tempt you with!;***;
*** previous version;shop;Here for some more weapons? We've got a deal on|pool toys - no? The fighting stuff it is, then!;***;
*** previous version;shop;Hi there! It's book group day again, if you're interested? The|Kraken's leading us in a big Tennyson discussion... no? Well, let's|have a look at what we've got in stock!;***;
*** previous version;shop;Hey, come on in! Have a browse! All our stock is battle-ready|and comes with a seven day return policy! Wait, no, sorry,|I misread that - it comes with NO seven day return policy.;***;
*** previous version;shop;It's nice to see you around here so often! Let's have a look at|whether I've got anything that might help you out in these|next few battles...;***;
*** previous version;shop;Hey there, what are you after this time? Just kidding, I know|you only want the fighting stuff! Let's see what we've got...;***;
*** previous version;shop;Welcome! We have some AMAZING deals on jugs and vases,|but I do see it'd be hard to get them out of the dungeons without|breaking! So let's see what we have for battles...;***;
*** previous version;shop;Hi, come on in! And if you want to join in the book group,|they're out the back - Aoife's getting really into the Count of|Monte Cristo...;***;
*** previous version;blacksmith;Cnmonnim! I mean, come in! Sorry, just|snacking on some berries from the|Gardener. What're you after?;***;
*** previous version;blacksmith;Mate, come in! Gimme a sec, I'm|just polishing the Rat King's crown...|he's so humble for a king, isn't he?;***;
*** previous version;blacksmith;Hey, take a seat mate. Don't take it|into the Dungeons though, wouldn't do|you much good there, haha!;***;
*** previous version;blacksmith;Hey, it's you! Come in! Let's get|upgradin'.;***;
*** previous version;blacksmith;Hey there! Just trying to buff up|the Frog's sword, be with you|any minute...;***;
*** previous version;blacksmith;Hey there, mate! What can I do for|you? A polish? An upgrade?;***;
*** previous version;blacksmith;Come on in, come on in! Take a|seat, it's upgrade time!;***;
*** previous version;blacksmith;Come on in! Let's see what you've|got, and what I can do with it...;***;
*** previous version;blacksmith;Hey there! Get your kit out, I reckon|I can do something pretty good today...;***;
*** previous version;blacksmith_initial;Heyyy! Come in, come in! I don't think|we've met? I'm Ned! I'm in charge of|equipment around here.;***;
*** previous version;shop_initial;Oh, a new adventurer! Come on in! Welcome to Dungeon Supplies 4 U - I've|got some great stuff in stock. Need socks? Weapons? A small houseplant?;***;
*** previous version;trade_initial;Hey, this is the trading post. You can trade something here.|If you absolutely insist.;***;
*** previous version;blacksmith_final;Taking on Lady Luck? All of you? Together? Huh!;***;
*** previous version;blacksmith_final;Here, take this, it might help.;***;
*** previous version;blacksmith_final;Can't say I blame you minions for joining in. Working|conditions have been going downhill lately.;***;
*** previous version;blacksmith_final;Why not shake things up a bit?;***;
*** previous version;shop_final;What a fun group you are! Hiking around through|the Dungeons like this!;***;
*** previous version;shop_final;Here, I've got something for you. On the house.;***;
*** previous version;shop_final;You know what?;***;
*** previous version;shop_final;I love it here in the Dungeons, but|if you don't...;***;
*** previous version;shop_final;...maybe you SHOULDN'T actually have to stay|here for all eternity!;***;
*** previous version;shop_final;I hope you teach Lady Luck a lesson!;***;
*** previous version;trade_final;Let me get this straight: you're trying to leave the Dungeons,|and you've got the minions to help you.;***;
*** previous version;shop_final;... You might want this.;***;
*** previous version;shop_final;Don't tell ANYONE I gave it to you without a trade.;***;
*** previous version;shop_special;Wow, you bought everything! Good for you! You clearly|know a bargain when you see one!;***;
*** previous version;blacksmith_bear;Oh hey, Alchemist! Wait, no - it's you, huh!|Good on ya! Now let's see what I can do|for those claws...;***;
*** previous version;trade_bear;Oh, you're a bear now? It's a definite improvement.|Can't trade you anything, though.;***;
*** previous version;shop_bear;Come in, come in! You're looking great! Very hairy, very ravenous, it suits you.|But I'm so sorry, I don't think I have anything in your size today.;***;
*** previous version;chest_bear;You can't take this. You're a bear.;***;
*** previous version;Lady Luck end of episode;Ah look, you've won yet another episode.||Congratulations!#But, oh no! how unexpected!||I've spun the wheel and it doesn't look like|you're taking home a prize this time...;***;
*** previous version;Lady Luck end of episode;You know, NONE of you contestants have|won your heart's desire yet.||What a baffling stretch of bad luck!||Anyway, it's time for one more|unlucky spin of the wheel...#Oooof, how unfortunate!||Probably next time though, right? Right!;***;
*** previous version;Lady Luck end of episode;You must think you've been doing SO|well at all this fighting.||So sure, stick with it!||Let's spin the wheel yet again!#Ah, how tragic.||You lose again.;***;
*** previous version;Lady Luck end of episode;Well, I've got to give you one thing:|you're persistent.||Still thinking about your heart's desire?||Focused on that win?||Then let's set the wheel spinning!#And now let's STOP the wheel on, look|at that, another unfortunate loss...;***;
*** previous version;Lady Luck end of episode;Ah look, here we are at the wheel again!||Let's give it a spin and see...||...whether this time, THIS time, you|might win your heart's desire.#Nope! Oh well, I'm sure things will look|up for you eventually.;***;
*** previous version;Lady Luck end of episode;Such a persistent little dice friend!||Sure, let's give the wheel a spin, why not!#No amazing prize this time, I'm afraid.||Bad luck. Maybe it's time to just|give up for ever?;***;
*** previous version;Lady Luck end of episode;Here to give it another whirl?||Yeah, absolutely!||This could DEFINITELY be the time that|you win your heart's desire!#Oooh, look at that!||What are the chances?;***;
*** previous version;Lady Luck end of episode;Honestly, what would you even DO with|your heart's desire, if you won it?||No, no, sorry, silly question, let's just|get on with the wheel...#Anyway it looks like you don't need to make|any big decisions about what you would do.||At least not just yet.||Maybe next time!;***;
*** previous version;Jester end of episode;Congratulations! That was a|magnificent victory!||You've earned another go at winning your|freedom AND your heart's desire!||Leeeeeeet's...||SPIN. SPIN. SPIN. SPIN. SPIN...#Ohhhh, bad luck!||But don't worry - there are plenty more|chances to spin where that came from!;***;
*** previous version;Jester end of episode;Another magnificent win!||Now, let's wait for THE WHEEL|to do it's thing...#Oh dear.||Looks like THE WHEEL is against you today.||But never mind, maybe next time!;***;
*** previous version;Jester end of episode;Congratulations! You're on fire!||Not literally, of course – we don't want to|step on the Fireman's toes.||Anyway, let's have another spin|of THE WHEEL!...#Ah, bad luck.||But it looks like you've won a set of lightly|used picnic cutlery as a consolation prize!;***;
*** previous version;Jester end of episode;Amazing! Astounding!||Now let's see what THE WHEEL has to say...#Ah. It doesn't look like you're getting|everything you've ever wanted yet.||But maybe next time?||And for now you can have this...|fax machine!;***;
*** previous version;Jester end of episode;And it's time for another visit to the|victory stage!||Let's all hold our breath and think about|all the things you could do with your|heart's desire if you win...#Ah, not this time, but we'll see you soon|for another episode and another chance!;***;
*** previous version;Jester end of episode;The wheel's been against you before,|but that can't last for ever!||Let's mutter GO GO GO under our breath|while we watch the wheel spin...#Ah, another highly unlikely spin of the|wheel there, but maybe next time!;***;
*** previous version;Jester end of episode;Surely probability DEMANDS that you'll|triumph this time!||No, don't do the maths, come on,|focus on the wheel...#Oooh, looks like no.||But surely that means that next|time you're BOUND to win...;***;
*** previous version;Jester end of episode;Time for another spin of the wheel!||Concentrate REALLY HARD on your|heart's desire...||...the thing you want more than anything|else in the world...#Well, looks like you're not going to fulfill|all your hopes and dreams THIS time...||...but we'll see you soon for another episode!;***;
*** previous version;Jester end of episode;This has been fun, but I know what|you're really here for:||That amazing prize that you're SURELY|going to win this time!||SPIN THE WHEEL! SPIN THE WHEEL!#...oh, BAD luck, friend.||But don't give up!||I believe in you!;***;
*** previous version;Jester end of episode;Are you having a nice time in the Dungeons?||We're just LOVING having you here!||Although of course what you really want|is to get your prize and get out, so let's|SPIN THE WHEEL...#Ah, such a shame!||But if you stick with it, you're|bound to win eventually!;***;
*** previous version;Jester end of episode;You've been doing SO well!||Adapting to all the new rules, fighting|all of Lady Luck's minions.||Will it finally pay off?#Oh no, bad luck - wait no..||...the wheel's still spinning, give it a moment...||RIGHT. Yes. Bad luck!;***;
*** previous version;Jester end of episode;Welcome back to the Victory Stage!||You know the drill - let's give it a|spin and see if you win!#Another near miss - but I admire|your optimism.||That's right! Stick with it!|Never give up!;***;
*** previous version;Jester end of episode;Well, here we are again!||Let's try the exact same thing we've|been doing for ages...||...and see if the results are|different this time!#Oooof, no, sorry.||But maybe if you try it another|five or ten times...;***;
*** previous version;Jester end of episode;You're really sticking with this, aren't you?||Not tempted to give up on your dreams?||Okay, then let's spin the wheel!||Who knows what's going to happen|now, it could be literally anything!#And it's ANOTHER IMPLAUSIBLE LOSS,|I'm so sorry!;***;
*** previous version;Jester end of episode;SPIN! SPIN! SPIN! SPIN!||WIN! WIN! WIN...#Oh, not this time though, bad luck!;***;
*** previous version;Jester end of episode;We're rooting for you, so let's|SPIN THE WHEEL!#...ah, sad times, but it's so brave|of you to keep trying.||So let's have another episode!;***;
*** previous version;Lady Luck end of episode to Jester;Ah, my little traitorous Jester returns.||Sure, let's go pretend this spin|means something.||And here we go...#Another loss.;***;
*** previous version;Lady Luck end of episode to Jester;You again!||Let me give this big wheel a spin while I gaze|at you with bottomless malevolence, and|you drop your eyes in shame!#Fancy that! You lose!;***;
*** previous version;Lady Luck end of episode to Jester;You know what?||I think I'm going to let the wheel spin fairly this|time, just so that I can feel your agony more|keenly when you lose.#Which you did.||Well, WHAT a shame.;***;
*** previous version;Lady Luck end of episode to Jester;Having fun here, my dear?||Fighting your long-term friends|and colleagues?||In a game that you know you'll never win?#And you didn't!;***;
*** previous version;Lady Luck end of episode to Jester;It's theoretically possible, of course, that this|wheel is going to spin you up a prize and a path|out of the dungeon.||So let's spin it!||I'm going to enjoy watching your|face as you lose.#Yeah go on, try to hide your despair...;***;
*** previous version;Lady Luck end of episode to Jester;Jester! Aren't you doing well!||Of course, you've had SO much practice|fighting in these dungeons.||If you didn't do well you'd be even MORE of|a disappointment than you already are.||Wanna chant a little bit| before we spin?||SPIN THE WHEEL, remember?||SPIN THE WHEEL! SPIN THE WHEEL!#Bad luck, there, buddy. Maybe you|should have chanted harder.;***;
*** previous version;Lady Luck end of episode to Jester;Back for another spin?||Of course! Let's see if you win!||Literally anything is possible, and it's not like|anybody involved here has absolute power|over fate and fortune!#Oh wait, no, I absolutely do.||Isn't that nice!;***;
*** previous version;Lady Luck end of episode post endgame;You win!||Of course, we don't spin the wheel any more.||But feel free to spin around on the|spot if you'd like.;***;
*** previous version;Lady Luck end of episode post endgame;Congratulations!||You know, are you ABSOLUTELY SURE|you don't want to be a minion?||I mean, you DO seem to like it here...||No? All right, then!;***;
*** previous version;Lady Luck end of episode post endgame;Another triumph!||Sometimes I wonder if I made it|too easy for you...;***;
*** previous version;Lady Luck end of episode post endgame;Magnificent!||Shall we spin the wheel just this once,|for old time's sake?#What was it we used to say?||Ah yes! 'Bad luck there - but maybe|next episode!'.||Ah, good times!;***;
*** previous version;Lady Luck end of episode post endgame;A beautiful battle right at the end there - you|always were one of the most elegant fighters|in your little group!||Three cheers and hip hip hooray!;***;
*** previous version;Lady Luck end of episode post endgame;Oh, well done! Another victory!||Now tell me, how's everything in the|outside world?||How's work? What's the weather like?||Are we ever going to hear the pitter|patter of tiny dice?;***;
*** previous version;Lady Luck end of episode post endgame;Ah, lovely, a couple of wonderful close|calls in there, my dear.||I'll admit I was lying when I said|you were my favourite...||...but you're at least my SECOND favourite.;***;
*** previous version;Lady Luck end of episode post endgame;Congratulations! Another win!||Now, do send my best wishes to|the rest of the group...||...and tell them that we're always here if|they want to come back to fight!||Or, y'know, just to pick up a couple of shifts as|minions if they need some extra cash...;***;
*** previous version;Lady Luck end of episode post endgame;Well done!||And can I just say: it's so nice to see you|and the minions hanging out like this.||Maybe one day we should have a big reunion|picnic, get all you dice down here at once.||I promise I won't trap you|for eternity again...;***;
*** previous version;Lady Luck end of episode post endgame;Amazing! VERY clever work, there!||Perhaps you could come in and give a guest|lecture to the younger minions some time?;***;
*** previous version;Lady Luck end of episode post endgame;SUCH a delight of a fight!||I'll always keep your room ready for|you, you know.||And by 'room' I mean 'six-floor|fighting dungeon'.;***;
*** previous version;Lady Luck end of episode post endgame;Ah, I'm beaming with pride again!||I really feel like the quality of your fighting|vindicates my decision to turn you into a|dice and try to trap you here for eternity.||Congratulations!;***;
*** previous version;Warrior win episode – Jester;Congratulations!;***;
*** previous version;Warrior win episode – Jester;Your very first victory!;***;
*** previous version;Warrior win episode – Warrior;Am I super strong now?;***;
*** previous version;Warrior win episode – Jester;You’ll ALWAYS be super strong to me.;***;
*** previous version;Warrior win episode – Jester;But also... no, sorry.;***;
*** previous version;Warrior win episode – Jester;How it works is, every time you win|an episode, you get the chance to...;***;
*** previous version;Warrior win episode – Jester;SPIN... THE... WHEEL!;***;
*** previous version;Warrior win episode – Jester;And if the wheel ends up on a star?;***;
*** previous version;Warrior win episode – Jester;You get to leave the Dungeons and|take home your heart’s desire!;***;
*** previous version;Warrior win episode – Jester;Get ready to...;***;
*** previous version;Warrior win episode – Jester;SPIN THE WHEEL!;***;
*** previous version;Warrior win episode – Jester;You’re not chanting...;***;
*** previous version;Warrior win episode – Warrior;Oh, sorry! SPIN THE WHEEL!;***;
*** previous version;Warrior win episode – Jester;Here we go...;***;
*** previous version;Warrior win episode – Jester;Ahhhh, bad luck! No prize this time.;***;
*** previous version;Warrior win episode – Jester;But never mind, there are plenty|of episodes to come!;***;
*** previous version;Warrior win episode – Warrior;SPIN THE WHEEL! SPIN THE WHEEL!;***;
*** previous version;Warrior win episode – Jester;...you can stop chanting now.;***;
*** previous version;Thief win episode – Jester;What a sneaky, underhanded victory. Magnificent!;***;
*** previous version;Thief win episode – Thief;I’m not here for compliments. I’m here for prizes.;***;
*** previous version;Thief win episode – Jester;Of COURSE you are.;***;
*** previous version;Thief win episode – Jester;And that means it’s time to...;***;
*** previous version;Thief win episode – Jester;SPIN THE WHEEL!|SPIN THE WHEEL!;***;
*** previous version;Thief win episode – Jester;If you land on a prize spot, you’ll get your|billion and a quick pathway out of th...;***;
*** previous version;Thief win episode – Thief;Got it. Spin.;***;
*** previous version;Thief win episode – Jester;Wanna do a drum roll to build anticipation?;***;
*** previous version;Thief win episode – Thief;Just spin it!;***;
*** previous version;Thief win episode – Jester;...oh, BAD luck! Looks like you|missed out this time.;***;
*** previous version;Thief win episode – Jester;But don’t lose hope - your time|in the Dungeons isn’t up yet!;***;
*** previous version;Thief win episode – Jester;We’ll be back soon with|more episodes!;***;
*** previous version;Robot win episode – Jester;What a wonderful batch of contestants you all are!;***;
*** previous version;Robot win episode – Jester;And what a beautiful victory!;***;
*** previous version;Robot win episode – Robot;Thank you! I worked very hard!;***;
*** previous version;Robot win episode – Jester;I can tell!;***;
*** previous version;Robot win episode – Jester;Now, fingers crossed as we SPIN THE WHEEL.;***;
*** previous version;Robot win episode – Jester;Depending on how it lands, you’ll either walk away|with a prize, or we’ll invite you back to join us for|another episode!;***;
*** previous version;Robot win episode – Jester;Actually I’m going to uncross my fingers|if that’s okay with you?;***;
*** previous version;Robot win episode – Jester;The wheel’s really heavy and I|need to get a good grip...;***;
*** previous version;Robot win episode – Robot;That’s okay, I’ve got ALL my fingers and toes crossed.;***;
*** previous version;Robot win episode – Robot;I know it doesn’t change the outcome of the|spin, but it helps me stay calm!;***;
*** previous version;Robot win episode – Jester;Well, take a deep breath while the|WHEEL SPINS aaaaaand...;***;
*** previous version;Robot win episode – Jester;...I’m so sorry!;***;
*** previous version;Robot win episode – Jester;It looks like you don’t win a life without|sleep - at least, not just yet.;***;
*** previous version;Robot win episode – Jester;But you DO take home a secret bonus prize:;***;
*** previous version;Robot win episode – Jester;An expired 50% off voucher for your|local pizza restaurant!;***;
*** previous version;Robot win episode – Jester;And of course, you’ll get the chance to return|to the Dungeons in another episode...;***;
*** previous version;Inventor win episode – Jester;You’re doing so well! Congratulations!;***;
*** previous version;Inventor win episode – Jester;Welcome to the VICTORY STAGE!;***;
*** previous version;Inventor win episode – Jester;We’re going to SPIN THE WHEEL to see whether|you’ve won yourself a nice little prize -;***;
*** previous version;Inventor win episode – Jester;- what was it you were after again?;***;
*** previous version;Inventor win episode – Inventor;I want to have complete understanding of everything in the universe!;***;
*** previous version;Inventor win episode – Jester;Ah, don’t we all?;***;
*** previous version;Inventor win episode – Jester;Right, let’s SPIN THE WHEEL and see...;***;
*** previous version;Inventor win episode – Jester;...nope, it looks like you’re|out of luck this time.;***;
*** previous version;Inventor win episode – Jester;But maybe next episode!;***;
*** previous version;Inventor win episode – Inventor;...can you at least tell me how the wheel works? It’s so cool!;***;
*** previous version;Inventor win episode – Jester;Hahaha no I definitely can’t!;***;
*** previous version;Inventor win episode – Jester;CUT. Did anyone hear me? I|said CUT. Stop filming!;***;
*** previous version;Witch win episode – Jester;What a fight! You were amazing!;***;
*** previous version;Witch win episode – witch;Honestly, I just lost myself in the moment.;***;
*** previous version;Witch win episode – witch;I forgot I was even on camera - it was all about the|spells and the dice. What a wonderful experience!;***;
*** previous version;Witch win episode – Jester;Shall we find out whether|you’ve won a prize?;***;
*** previous version;Witch win episode – witch;I mean it’s not really about the prize, is it?;***;
*** previous version;Witch win episode – witch;But also, yes.;***;
*** previous version;Witch win episode – Jester;Time to SPIN THE WHEEL!|SPIN THE WHEEL!;***;
*** previous version;Witch win episode – Jester;If it lands on the PRIZE, then|you get your heart’s desire!;***;
*** previous version;Witch win episode – Jester;More social media followers, I think?;***;
*** previous version;Witch win episode – witch;That’s right! SPIN THE WHEEL! SPIN THE WHEEL!;***;
*** previous version;Witch win episode – Jester;And ohhhh... bad luck - it|looks like that’s a no!;***;
*** previous version;Witch win episode – Jester;But don’t you worry - you’ve made it through to|the next episode, and another chance to win.;***;
*** previous version;Jester win episode – Lady Luck;Ah, my little betrayer of trust! It’s you!;***;
*** previous version;Jester win episode – Jester;Yep, it’s me!;***;
*** previous version;Jester win episode – Lady Luck;How does it feel to be on the other|side of the wheel?;***;
*** previous version;Jester win episode – Jester;Pretty good, actually!;***;
*** previous version;Jester win episode – Lady Luck;...really?;***;
*** previous version;Jester win episode – Lady Luck;After all these hundreds of years of|spinning the wheel...;***;
*** previous version;Jester win episode – Lady Luck;...even you must realise it’s not|going to land on a prize.;***;
*** previous version;Jester win episode – Jester;I mean, that’s not ideal, but you know what?;***;
*** previous version;Jester win episode – Jester;Better to be cheated than to be a cheat!;***;
*** previous version;Jester win episode – Lady Luck;...well, let’s go through the motions.;***;
*** previous version;Jester win episode – Lady Luck;Will you have a look at that! You lose.;***;
*** previous version;Jester win episode – Jester;Guess I’ll just have to go and fight in another episode, then.;***;
*** previous version;Jester win episode – Jester;At least I know I’m on the right side now!;***;
*** previous version;Jester win episode – Lady Luck;See you soon, minion.;***;
*** previous version;Jester win episode – Lady Luck;And for eternity.;***;
*** previous version;Jester joins the team – Winning dice;... uhhh;***;
*** previous version;Jester joins the team – Winning dice;So, who's going to spin the wheel now?;***;
*** previous version;Jester joins the team – Jester;No idea!;***;
*** previous version;Jester joins the team – Jester;Not my problem anymore!;***;
*** previous version;Jester joins the team – Jester;C'mon, let's get out of here!;***;
*** previous version;Baby Squid Guest Star 1;...Hey! It’s you! Hey, it’s so|good to see you!;***;
*** previous version;Baby Squid Guest Star 1;Um, I’m just filling in here but I’m meant to|tell you that I’m going to spin the wheel...;***;
*** previous version;Baby Squid Guest Star 1;...and then when you lose I’m meant to say|'better luck next time', I think?;***;
*** previous version;Baby Squid Guest Star 1;Okay! Yes! Here we go!;***;
*** previous version;Baby Squid Guest Star 1;Better luck next time!;***;
*** previous version;Baby Squid Guest Star 2;Aaaah! Hello again!|That was great!;***;
*** previous version;Baby Squid Guest Star 2;Anyway I got it wrong last time and I’m|meant to tell you to spin the wheel...;***;
*** previous version;Baby Squid Guest Star 2;...and also tell you that it’s DEFINITELY possible|that you might win and it’s not rigged at all!;***;
*** previous version;Baby Squid Guest Star 2;Okay now I’m meant to say:;***;
*** previous version;Baby Squid Guest Star 2;'I’m so sorry, not this time, but we’re excited|to see you soon for more Dicey Dungeons.';***;
*** previous version;Baby Squid Guest Star 2;Oh wow, that’s even true! I AM excited|to see you soon!;***;
*** previous version;Baby Squid Guest Star 3;Hi! Hi! It’s me again!;***;
*** previous version;Baby Squid Guest Star 3;I’m on my second warning here so|let’s make sure I get this right...;***;
*** previous version;Baby Squid Guest Star 3;I’m meant to say 'SPIN THE WHEEL|TO SEE IF YOU WIN...;***;
*** previous version;Baby Squid Guest Star 3;...and don’t say anything about it being rigged...;***;
*** previous version;Baby Squid Guest Star 3;...and don’t read that last bit out loud'.;***;
*** previous version;Baby Squid Guest Star 3;Does that sound right? I hope so!;***;
*** previous version;Baby Squid Guest Star 3;I love being able to see you whenever|you win an episode!;***;
*** previous version;Baby Squid Guest Star 3;Okay now I’m meant to say 'you lose|but sound sympathetic'. Right!;***;
*** previous version;Baby Squid Guest Star 4;Okay, okay, I’ve got one more chance so|I’m going to be SO careful here.;***;
*** previous version;Baby Squid Guest Star 4;THE WHEEL IS SPINNING. HAVE YOU WON?;***;
*** previous version;Baby Squid Guest Star 4;... YOU HAVEN’T WON.;***;
*** previous version;Baby Squid Guest Star 4;There! Do you think I did okay?;***;
*** previous version;Baby Squid Guest Star 4;Oh, whoops! Forgot to press the button!;***;
*** previous version;Baby Squid Guest Star 4;You know, I think I’m getting|the hang of this!;***;
*** previous version;Lady Luck takes over end of episodes;I suppose I’m just going to have to|do this myself. Ridiculous.;***;
*** previous version;Lady Luck takes over end of episodes;You know the drill: well done blah blah|blah, I’ve spun the wheel...;***;
*** previous version;Lady Luck takes over end of episodes;...but OH LOOK.;***;
*** previous version;Lady Luck takes over end of episodes;It seems like you don’t win your|heart’s desire this time.;***;
*** previous version;Lady Luck takes over end of episodes;What a shock.;***;
*** previous version;Ending intro – Lady Luck;Well, hello, my doomed little dicelings!;***;
*** previous version;Ending intro – Jester;Oh no...;***;
*** previous version;Ending intro – Lady Luck;Oh yes! Now, what are you doing backstage?;***;
*** previous version;Ending intro – Lady Luck;Ready to give up on your dreams and|go into minion training?;***;
*** previous version;Ending intro – Warrior;We’re leaving! And you|can’t stop us.;***;
*** previous version;Ending intro – Jester;She totally can, sorry.;***;
*** previous version;Ending intro – Lady Luck;...Yeah, I definitely can.;***;
*** previous version;Ending intro – Lady Luck;Or haven’t you been paying attention?;***;
*** previous version;Ending intro – Inventor;We’ve been paying a|LOT of attention.;***;
*** previous version;Ending intro – Inventor;We’ve fought through|your dungeons.;***;
*** previous version;Ending intro – Inventor;We’ve beaten your bosses.;***;
*** previous version;Ending intro – Inventor;We’ve won EVERY SINGLE EPISODE!;***;
*** previous version;Ending intro – Inventor;And yet we're still trapped down here thanks|to your rigged WHEEL OF LIES!;***;
*** previous version;Ending intro – Inventor;You’re a cheat and this game ISN’T FAIR|so we’re going home!;***;
*** previous version;Ending intro – Lady Luck;MINIONS! THE DOORS! ENTER LOCKDOWN!;***;
*** previous version;Ending intro – Jester;Once the doors are locked, that’s it, we’re|stuck backstage until we give up.;***;
*** previous version;Ending intro – Jester;I’m really sorry, friends. But|at least we tried.;***;
*** previous version;Ending intro – Witch;No! I’m not giving up!;***;
*** previous version;Ending intro – Witch;And I’m not going to stay|BACKSTAGE for ever!;***;
*** previous version;Ending intro – Witch;Quick, can anyone make it through|the last door before it closes?;***;
*** previous version;The ending – Witch;You found us!;***;
*** previous version;The ending – Inventor;You did it! And you brought the minions!;***;
*** previous version;The ending – Robot;You didn’t give up! I’m|so happy to see you!;***;
*** previous version;The ending – Player character;Wait, confetti? What’s happening?;***;
*** previous version;The ending – Player character;Why are those lights flashing?;***;
*** previous version;The ending – Lady Luck;Because you won, you big silly billy!;***;
*** previous version;The ending – Lady Luck;You refused to abandon your friends and you put aside your|differences with the minions and you gave up your worldly|desires and you beat me!;***;
*** previous version;The ending – Thief;...and you’re... you’re not angry?;***;
*** previous version;The ending – Lady Luck;Oh my dear, no, of course not!;***;
*** previous version;The ending – Lady Luck;You’ve done BRILLIANTLY.;***;
*** previous version;The ending – Lady Luck;Gosh, when was the last time we had a real live victory?;***;
*** previous version;The ending – Lady Luck;Jester darling, can you fetch the records?;***;
*** previous version;The ending – Jester;No! I’m not your minion any more! And we|don’t have any records anyway!;***;
*** previous version;The ending – Lady Luck;Oh, hmmm, are you sure?;***;
*** previous version;The ending – Lady Luck;Tiny pink octopus! Go and see if you can find any records!;***;
*** previous version;The ending – Lady Luck;I’ve been waiting SO long for someone to actually|win this game, you wouldn’t BELIEVE.;***;
*** previous version;The ending – Jester;I feel like it would have happened sooner if you hadn’t|MADE THE GAME SO HARD and DIDN’T CHEAT!;***;
*** previous version;The ending – Lady Luck;But then what would have happened to your|journey of self-realisation?;***;
*** previous version;The ending – Lady Luck;Now, everyone pose for a photo...;***;
*** previous version;The ending – Lady Luck;...beaaaauuutiful.;***;
*** previous version;The ending – Lady Luck;SUCH a magnificent little bundle of fighters.;***;
*** previous version;The ending – Lady Luck;Come on, one more, I want something to remember|you by when you’re gone!;***;
*** previous version;The ending – Player character;When we’re gone... So... we’re free to go? All of us?;***;
*** previous version;The ending – Lady Luck;Of course!;***;
*** previous version;The ending – Warrior;...but I don’t get to be super strong?;***;
*** previous version;The ending – Lady Luck;No.;***;
*** previous version;The ending – Witch;And I don’t get my followers?;***;
*** previous version;The ending – Lady Luck;No. Your prize is self-knowledge, darling, I|thought we’d covered that.;***;
*** previous version;The ending – Witch;ALSO, I can’t help but notice that|I’m still a giant walking dice?;***;
*** previous version;The ending – Lady Luck;Yes? And? Is there some sort of problem?;***;
*** previous version;The ending – Lady Luck;Now, one more big smile! Say cheese!;***;
*** previous version;The ending – Robot;Okay. Look.;***;
*** previous version;The ending – Robot;I can deal with having to sleep.;***;
*** previous version;The ending – Robot;And I’ve kinda gotten used to the dice thing.;***;
*** previous version;The ending – Robot;But what about the minions? Are they free to go as well?;***;
*** previous version;The ending – Inventor;Yeah, we would never have made it out without them.;***;
*** previous version;The ending – Lady Luck;Honestly my loves, they’re all very settled here.;***;
*** previous version;The ending – Lady Luck;They might grumble a little, but they have families and|vegetable gardens and everything.;***;
*** previous version;The ending – Warrior;That’s not the point! They fought with us!;***;
*** previous version;The ending – Warrior;And they won!;***;
*** previous version;The ending – Lady Luck;...ah, I suppose you’re right. They were VERY brave.;***;
*** previous version;The ending – Lady Luck;I’ll tell you what, they can leave if they really want to.;***;
*** previous version;The ending – Lady Luck;And if they don’t then I’ll see if that|employee suggestion box opens.;***;
*** previous version;The ending – Lady Luck;I miiiiight increase everyone’s holiday leave...;***;
*** previous version;The ending – Jester;WHAT holiday leave?;***;
*** previous version;The ending – Lady Luck;From nothing, my dear. I’ll increase it from nothing!;***;
*** previous version;The ending – Lady Luck;My goodness, can’t you just enjoy your confetti?;***;
*** previous version;The ending – Jester;...okay. I guess it’s pretty good confetti.;***;
*** previous version;The ending – Lady Luck;Let’s all give one LAST BIG SMILE and think about the lessons|we’ve learned as we’ve fought so valiantly in these dungeons.;***;
*** previous version;The ending – Lady Luck;In some cases we fought side by side, and maybe in other cases|we fought in vicious opposition, but the important thing is...;***;
*** previous version;The ending – Lady Luck;...that we did it together.;***;
*** previous version;The ending – Lady Luck;Ah, my precious little dice-keteers!;***;
*** previous version;The ending – Lady Luck;My real live winners!;***;
*** previous version;The ending – Lady Luck;It’s been SUCH a delight having you here.;***;
*** previous version;The ending – Lady Luck;Please, PLEASE, do drop by any time.;***;
*** previous version;The ending – Lady Luck;I absolutely promise I’ll let you leave again.;***;
*** previous version;The ending – Lady Luck;Now, did we ever make any end credits?;***;
*** FINAL;Split line into smaller parts;Wait, confetti?;***;
*** FINAL;Split line into smaller parts;What’s happening?;***;
*** FINAL;Split line into smaller parts;You refused to abandon your friends!;***;
*** FINAL;Split line into smaller parts;You put aside your differences with the minions!;***;
*** FINAL;Split line into smaller parts;... and you gave up your worldly desires and beat me!;***;
*** FINAL;The ending – Jester;No! I’m not your minion any more!;***;
*** FINAL;The ending – Jester;And we don’t have any records anyway!;***;
*** FINAL;Bear win episode – Jester;What a victory!;***;
*** FINAL;Bear win episode – Jester;And may I say, you're looking|extremely dapper there.;***;
*** FINAL;Bear win episode – Jester;Now, shall I spin the wheel?;***;
*** FINAL;Bear win episode – Jester;Ah, bad luck!;***;
*** FINAL;Bear win episode – Jester;Now, let's get you through into the costume department|and have someone pluck all those hairs out.;***;
*** FINAL;Bear win episode – Lady Luck;I see it's time yet again to SPIN THE|WHEEL, or as you might say...;***;
*** FINAL;Bear win episode – Lady Luck;...RRRRAWWRR RAWR RRRAWR.;***;
*** FINAL;Bear win episode – Lady Luck;Ah, BAD luck, you miss out on|a prize yet again.;***;
*** FINAL;Bear win episode – Lady Luck;But then, what would the heart's|desire of a bear even look like?;***;
*** FINAL;Bear win episode – Lady Luck;Maybe it's for the best that|we'll never find out.;***;
*** FINAL;blacksmith;Welcome back! It's so great to see how hard|you're fighting! Lemme see what I've got in|the back, I must be able to help...;***;
